eventID_original,identificador_novo,tipo,verificado_em,nota
BN00706012006,10.1590/S1676-06032006000100014,doi,crossref,"Biota Neotropica 6(1) 2006; chave de girinos do noroeste de SP"
BN01705022005,http://www.biotaneotropica.org.br/v5n2/pt/abstract?article+BN01705022005,url,nao,"Biota Neotropica 5(2) 2005; nao existe DOI para este artigo, a URL e o identificador possivel"
Revista Brasileira de Zoologia-2007-24 (4):1025–1037,10.1590/S0101-81752007000400020,doi,crossref,"RBZ 24(4):1025-1037 2007; paginacao confere"
South American Journal of Herpetology-2009_4(3):275-285,10.2994/057.004.0311,doi,crossref,"SAJH 4(3):275 2009; pagina inicial confere"
South American Journal of Herpetology-2009_4(3):275-286,10.2994/057.004.0311,doi,crossref,"variante de autofill do anterior"
South American Journal of Herpetology-2009_4(3):275-287,10.2994/057.004.0311,doi,crossref,"variante de autofill do anterior"
Iheringia-2007-97(1):37-49,10.1590/S0073-47212007000100007,doi,crossref,"Iheringia Ser. Zool. 97(1):37-49 2007; paginacao confere exatamente"
Amphibia-Reptilia 28 (2007): 177-192,10.1163/156853807780202387,doi,crossref,"Amphibia-Reptilia 28(2):177-192 2007; girino de Scinax catharinae"
Revista Brasileira de Zoologia_2004-21(4):745-754,10.1590/s0101-81752004000400003,doi,crossref,"RBZ 21(4):745-754 2004, 'Diets of tadpoles from a temporary pond'; localizado por busca bibliografica, nao e o mesmo DOI de 2007"
