trait_id,nome,tipo,unidade,estagio_ref,definicao,valores_aceitos,min_plausivel,max_plausivel,termos_busca,origem,status,n_registros,nomes_alternativos,regra_extracao
ctmax,Temperatura critica maxima,numerico,C,,,,,,,a_definir,revisar,0,,
ctmin,Temperatura critica minima,numerico,C,,,,,,,a_definir,revisar,0,,
tempo_desenvolvimento,Tempo ate a metamorfose,numerico,dias,,,,,,,a_definir,revisar,0,,
tamanho_metamorfose,Tamanho na metamorfose,numerico,mm,,,,,,,a_definir,revisar,0,,
taxa_crescimento,Taxa de crescimento larval,numerico,mm/dia,,,,,,,a_definir,revisar,0,,
sobrevivencia,Sobrevivencia ate a metamorfose,numerico,proporcao,,,,,,,a_definir,revisar,0,,
guilda_trofica,Guilda trofica,categorico,,,,,,,,a_definir,revisar,0,,
tipo_ecomorfologico,Tipo ecomorfologico,categorico,,,,,,,,a_definir,revisar,0,,
dieta_composicao,dieta composicao,numerico,%,"35-38 (Gosner), unico valor para toda a aba",Porcentagem de cada item alimentar no conteudo intestinal,Acari;Ankistrodesmus;Bacillariophyceae;Ciliophora;Closterium;Coelastrum;Cosmarium;Crustacea;Dictyosphaerium;Frustula diatomaceas;Fungus;Larvae Nematocera;Mougeotia;Nematoda;Oedogonium;Oedogononium;Oscillatoria;Phacus;Protoccocus;Rotifera;Sarcomastigophora;Scenedesmus;Spyrogira;Tardigrada;Trachellomonas;UNI2;frústula diatomaceas;fragments of angioperms;fragments of angiosperms;fungus;microalgae,0,100,,planilha:Diet,revisar,262,,
Habitat_type,Habitat type,categorico,,nao se aplica (caractere de ecologia),,"lentic;lotic;lentic|lotic;lentic|marsh/floodplain/swamp;phytotelma;lentic|lotic|marsh/floodplain/swamp;slow flowing water at margins of streams and temporary ponds;temporary ponds;underground nest;water film on rocks;lotic|marsh/floodplain/swamp;lentic|marsh|floodplain|swamp;slow flowing water at margins of streams;wet rocks;benthic;leaf litter;lenitc;lenthic|marsh/floodplain/swamp;lentic, lotic and phytotelmata;lentic|adult back;lentic|less frequent ly wet rock-sandy soil;lentic|less frequently lotic;lentic|less frequently slow flowing;lentic|less frequently slow-flowing;lentic|phytotelma [+8 outros]",,,,planilha:Habitat,revisar,712,,
HabitatPosition,HabitatPosition,categorico,,nao se aplica (caractere de ecologia),,open;forested;forest;forest edge;open|forested;open|florest edge;florest edge|forested;open|edge florest;open|forest;open|forest edge;edge florest;edge florest|forested;forest|rarely open;egde florest|forested;florest edge;forest edge and forested;forest edge|forested;open and forested;Open|forested;egde florest;fo;foret edge;open|edge florest|forested;open|egde florest;open|less frequently forest [+2 outros],,,,planilha:Habitat,revisar,697,,
behavior,behavior,categorico,,nao se aplica (caractere de ecologia),,benthic;nektonic;absent;neustonic;nectonic;macrophagous;fossorial;benthic-neustonic;benthic|neustonic;suspension feeder (Type I);semiterrestrial,,,,planilha:Habitat,revisar,487,,
HabitatHydroperiod,HabitatHydroperiod,categorico,,nao se aplica (caractere de ecologia),,temporary;permanent;semi-permanent;temporary|permanent;permanent|temporary;permanent|less frequently temporary;temporary|less frequently permanent;Atlantic Forest;permanent| less frequently temporary;permanent|rarely temporary;permenent;temporary|infrequently permanent;temporary|rarelly permanent,,,,planilha:Habitat,revisar,327,,
HabitatMarginalVegetation,HabitatMarginalVegetation,categorico,,nao se aplica (caractere de ecologia),,herbaceous_shrubby;herbaceous_shrubby|arboreal;bare soil|herbaceous_shrubby;herbaceous;herbaceous|bare soil;herbaceous|shrubby|arboreal|bromeliads|pteridophytes;herbaceous_shrubby|bare soil;herbaceous|cattail|monoculue;arboreal|bare soil|herbaceous_shrubby;herbaceous|macrophytes|cattail;arboreal|bare soil|herbaceous,,,,planilha:Habitat,revisar,262,,
maximumDephInMeters,maximumDephInMeters,numerico,m,nao se aplica (caractere de ecologia),,,0,3,profundidade;profundidade maxima;depth;maximum depth;profundidad,planilha:Habitat,revisar,209,,
HabitatAquaticVegetation,HabitatAquaticVegetation,categorico,,nao se aplica (caractere de ecologia),,herbaceous;cattail|macrophytes|herbaceous;herbaceous|macrophytes;macrophytes|herbaceous;present;absent;herbaceous_shrubby;herbaceous_shrubby|cattail;herbaceous|cattail;cattail|herbaceous,,,,planilha:Habitat,revisar,195,,
Vegetation_cover,Vegetation cover,categorico,,nao se aplica (caractere de ecologia),,pasture;campos limpos- forest;forest;open areas,,,,planilha:Habitat,revisar,149,,
eyes_positioning,eyes positioning,categorico,,por registro: coluna DevelopmentalStages (Gosner),The positioning of the eyes,dorsal;lateral;dorsolateral,,,olhos;olho;eyes;eye;ojos;ojo;eye direction;direção dos olhos;dirección de los ojos,planilha:Morphology,fechado,507,eye direction;direction of the eyes,"Se o trecho der a posicao dos olhos e tambem a direcao (ex.: located dorsally, directed dorsolaterally), use a POSICAO. Use a direcao so quando o trecho nao informar a posicao."
marginal_papillae_row,marginal papillae row,categorico,,por registro: coluna DevelopmentalStages (Gosner),The row of the marginal papillae,uniseriate;uniseriate alternated;absent;biseriate;uniseriate alternate;uniseriate anteriorly and biseriate lateroposteriorly;posterior uniseriate alternated;uniseriate and uniseriate alternated posteriorly;uniseriate alternated anteriorly and biseriate lateroposteriorly;uniseriate and uniseriate alternated lateroposteriorly;uniseriate anteriorly and biseriate posteriorly;uniseriate anteriorly and uniseriate alternated lateroposteriorly;uniseriate anterolaterally and biseriate posteriorly;biseriate alternated;posterior uniseriate;uniseriate alternate with small biserial portions lateral and posterior;uniseriate alternate with small biserial portions lateral and posteriorly;uniseriate alternated laterally and biseriate posteriorly;uniseriate lateroanteriorly and biseriate posteriorly;uniseriate lateroanteriorly and uniseriate alternated posteriorly;absent with border with individualized apices;anterior uniseriate;biserial;biseriate alternated lateroanteriorly;biseriate anterior and posteriorly and triseriate lateroanteriorly [+62 outros],,,,planilha:Morphology,revisar,507,,
nares_positioning,nares positioning,categorico,,por registro: coluna DevelopmentalStages (Gosner),The positioning of the nares,dorsal;dorsolateral;lateral;absent;anterior;anterolateral;dorsoanterior;anterodorsal;dorsanterior;dosolateral;present;rounded;small,,,,planilha:Morphology,revisar,507,,
spiracle_positioning,spiracle positioning,categorico,,por registro: coluna DevelopmentalStages (Gosner),The positioning of the spiracle,sinistral;lateroventral;ventral;medioventral;absent;sinsitral;duplo ventral;lateral to lateroventral;ventral displaced to the left;ventralmedial;ventromedial,,,,planilha:Morphology,revisar,507,,
submarginal_papillae_distribution,submarginal papillae distribution,categorico,,por registro: coluna DevelopmentalStages (Gosner),The presence and position of the submarginal papillae,absent;scattered laterally;aggregated laterally;aggregated lateroposteriorly;scattered lateroposteriorly;sparse;agglomerate;lateroanteriorly row and lateroposteriorly row;few scattered lateral and posterior;scattered lateral;scattered lateroventrally;aggregated lateral;laterally row;lateroposteriorly;scattered laterally or absent;scattered through all the oral disc;absent or rare;aggregate lateral;aggregated laterally and scattered posteriorly;few (1-3) scattered lateral;few (2-4) scattered lateral;few scattered laterally;lateral;lateroposterior;lateroposteriorly row [+83 outros],,,,planilha:Morphology,revisar,507,,
snout_shape_lv,snout shape lv,categorico,,por registro: coluna DevelopmentalStages (Gosner),The snout shape in lateral view,rounded;truncated;sloped;pointed;bipartite with tapered projections;rounded or sloped;rounded or truncated;sloped to truncated,,,"focinho em vista lateral;focinho, vista lateral;focinho;snout in lateral view;snout;hocico en vista lateral;hocico",planilha:Morphology,fechado,506,,"Formato do focinho sem vista indicada (ex.: snout rounded; focinho arredondado) conta como vista lateral: na literatura de girinos o formato do focinho costuma ser descrito so em vista lateral. Se o trecho der as duas vistas, use a lateral; se der so a dorsal, responda encontrado = FALSE."
tooth_row_formulae,tooth row formulae,categorico,,por registro: coluna DevelopmentalStages (Gosner),The formulae of the tooth row,"2(2)/3(1);2(2)/3;0/0;2(2)/4(1);0/1;1/2(1);absent;2(1,2)/3(1);0.66666666666666663;2(2)/2(1);46083;2(2)/2;2(2)/5(1);2/3(1);2(2)/3(1) | 2(2)/4(1);2(2)/6(1);4(1,2,4)/6(1);2/2(3);3(3)/6(1);46054;46082;(2)/3(1);0-1 / 1-2;0.5;0/0 | 0/1 | 0/2 | 1/1 |1/2 [+42 outros]",,,,planilha:Morphology,revisar,506,,
dermal_flap_edge,dermal flap edge,categorico,,por registro: coluna DevelopmentalStages (Gosner),The shape of dermal flap edge,absent;not jagged;jagged;irregular;smooth;smoothly jagged,,,,planilha:Morphology,revisar,505,,
marginal_papillae_gaps,marginal papillae gaps,categorico,,por registro: coluna DevelopmentalStages (Gosner),The position of the marginal papillae,"anterior;absent;dorsal;narrow anterior;anterior and posterior;wide anterior;anterior and narrow posterior;anterior and lateroposterior;wide anterior and lateral;anterior, lateroposterior and posterior;anterior and narrow lateroposterior;anterior and two narrow lateroposterior;dorsal and ventral;narrow anterior and narrow posterior;posterior;anterior and lateral;anterior and narrow lateral;anterior and narrow laterodorsal;anterior and narrow lateroposterior and narrow posterior;anterior and two shorts ventrolateral;anterior and ventral;anterior labium;anterior, two lateroposterior and narrow ventral;dorsal and lateroventral;dorsal and lateroventral gap [+10 outros]",,,,planilha:Morphology,revisar,505,,
dermal_flap_position,dermal flap position,categorico,,por registro: coluna DevelopmentalStages (Gosner),The position of dermal flap,absent;covering the oral opening;in front of oral aperture;partially covering the oral opening;bordering and not covering the oral opening;convering the oral opening;covering the oral disc;lateral to oral aperture;not covering all the oral opening,,,,planilha:Morphology,revisar,503,,
dermal_flap_size,dermal flap size,categorico,,por registro: coluna DevelopmentalStages (Gosner),The size of dermal flap,absent;short;long;great;large;small,,,,planilha:Morphology,revisar,501,,
cloacal_opening,cloacal opening,categorico,,por registro: coluna DevelopmentalStages (Gosner),The position of the cloacal opening,medial;dextral;absent;ventral;medial and free;medial dextral;sinistral;ventral tail tip,,,tubo cloacal;abertura cloacal;tubo anal;vent tube;cloacal tube;cloacal opening;vent;tubo cloacal;abertura cloacal,planilha:Morphology,revisar,499,,
dermal_flap_shape,dermal flap shape,categorico,,por registro: coluna DevelopmentalStages (Gosner),The shape of dermal flap,absent;quadrangular;semicircular;leaf shape;retangular;just a slit with smooth edge;just a slitwith smooth edge;semicricular,,,,planilha:Morphology,revisar,499,,
upper_jaw_shape,upper jaw shape,categorico,,por registro: coluna DevelopmentalStages (Gosner),The shape of the upper jaw,arc;M;absent;inverted V;wide arc;V;W;acrh;arc or M;arc with central region inverted U shape;arc with two central projections and a concave indentation between them;inverted U,,,,planilha:Morphology,revisar,497,,
body_shape_lv,body shape lv,categorico,,por registro: coluna DevelopmentalStages (Gosner),The body shape in lateral view,globular depressed;triangular depressed;triangular;depressed;globular;triangular tapered;triangular compressed;triangular/compressed;oval depressed;rectangular/depressed;globular or triangular;globulart/depressed;triagular;trinagular,,,,planilha:Morphology,revisar,492,,
dorsal_fin_emergence,dorsal fin emergence,categorico,,por registro: coluna DevelopmentalStages (Gosner),The position of the dorsal fin initial elevation,body-tail junction;posterior third of the body;posterior third of body;at the body;medial third of the body;end of the body;at the tail;at body;middle third of body;anterior third of the tail;anterior third of the body;anterior third of tail;body;medial third of the tail;posterior third of tail;absent;at the end of the body;middle third of tail;middle third of the body;tail;anterior or middle third of tail;arc;at body-tail junction;at tail;body-tail jucntion [+12 outros],,,,planilha:Morphology,revisar,492,,
dorsal_fin_shape,dorsal fin shape,categorico,,por registro: coluna DevelopmentalStages (Gosner),The shape of the dorsal fin,"wide arc;convex;paralell to longitudinal axis;slightly convex;arc;slightly arched;triangular;parallel to longitudinal axis;slightly arc;parallel to longitudinal axis to the caudal musculature;arc or triangular;paralell to longitudinal axis and after wide arc;parallel to longitudinal axis to longitudinal axis;wide acrh;a contour parallel to the longitudinal axis of the tail extending to the end of the tail's second third, at which point it descends, forming an arched contour;almost paralell to the longitudinal axis until the posterior third of tail;almost parallel to the longitudinal axis until one-fifth of the tail's length continuing in a broad arc abruptly descending near the end of tail;broad arc narrowing abruptly in the posterior third of the tail;concaveuntil the end of the first third of the tail and after parallel to the longitudinal axis of tail;paralell to longitudinal axis for a short stretch and after forming wide arc;parallel to the longitudinal axis along the first quarter of tail when it raised forming a broad arc;parallel to the longitudinal axis and forming a wide arc after the middle third of tail;parallel to the longitudinal axis of the tail as far as the beginning of the anterior third of the tail, where the height increases with a moderate slope, forming a broad, arched contour;parallel to the longitudinal axis of the tail until the middle third and curved ventrally in the posterior third;parallel to the longitudinal axis of the tail up to the mid-section, where it begins a gentle rise followed by a steep drop [+4 outros]",,,,planilha:Morphology,revisar,492,,
lower_jaw_shape,lower jaw shape,categorico,,por registro: coluna DevelopmentalStages (Gosner),The shape of the lower jaw,V;U;absent;arc;convex with an almost straight upper contour;sharp pointed;triangular;triangular with a pointed contour,,,bico corneo inferior;bainha mandibular inferior;mandibula inferior;lower jaw sheath;lower jaw;pico corneo inferior;vaina mandibular inferior,planilha:Morphology,revisar,492,,
nares_shape,nares shape,categorico,,por registro: coluna DevelopmentalStages (Gosner),The shape of the nares,"rounded;oval;reniform;elliptical;ovoid;absent;circular;great, but do not perfurated;intermediate;oval or reniform;reinform",,,,planilha:Morphology,revisar,492,,
oral_disc_emargination,oral disc emargination,categorico,,por registro: coluna DevelopmentalStages (Gosner),The presence and position of emargination of the oral disc,absent;lateral;lateroposterior;lateroposterior and posterior;posterior;ventral;lateral and lateroposterior;lateroventral;lateroposteriorly;ventral and lateroventral;lateral and lateroventral;anterior and posterior;lateroposteriorly and posterior;posterior and lateroposterior;posterior but some individuals without emargination;posterior third of the body;slightly ventral;anterior in a V-shaped slit;discrete posterior and deep anterior;laetral;lateral and ventral;latereoposterior;lateroanterior and lateroposterior;lateroposteriorly and posteriorly;latoroposterior [+1 outros],,,,planilha:Morphology,revisar,492,,
oral_disc_positioning,oral disc positioning,categorico,,por registro: coluna DevelopmentalStages (Gosner),The positioning of the oral disc,"anteroventral;ventral;anterior;absent;terminal;dorsal;terminal, modificado em tubo protrátil;anterior, modificado em tubo protátil;anteroventral, modificado em tubo protrátil;absent, just a ventral slit;anterior, modificado em tubo protrátil;anterovental;anteroventral and modified in a protractile tube;anteroventrtal;anterovventral;just a slit with a thicker edge with lateral emargination;subterminal;upturned",,,,planilha:Morphology,revisar,492,,
dorsal_fin_emergence_angle,dorsal fin emergence angle,categorico,,por registro: coluna DevelopmentalStages (Gosner),The angle formed by the dorsal fin elevation,gentle slope;intermediate;high slope;median slope;acute slope;acute;low;high;low slope;intermediate slope (15°);low slope (5°);low slope (6°);low slope (8°);intermediate slope (14°);low slope (12°);low slope (4°);low slope (7°);absent;intermediate slope (11°);intermediate slope (12°);intermediate slope (19°);intermediate slope (22°);low slope (2°);low slope (3°);low slope (9°) [+29 outros],,,,planilha:Morphology,revisar,491,,
spiracle_opening_direction,spiracle opening direction,categorico,,por registro: coluna DevelopmentalStages (Gosner),The opening direction of the spiracle,posterodorsal;posterior;dorsal;absent;dorsally;posteroventral;posterodrosal;anteroventral;left;possterodorsal;posterior third of the body;posteriorly;posterolateral;ventral;ventrally,,,,planilha:Morphology,revisar,491,,
body_shape_dv,body shape dv,categorico,,por registro: coluna DevelopmentalStages (Gosner),The body shape in dorsal view,elliptical;ovoid;rounded;oval;elongated elliptical;elliptical elongated;violin;elliptical or ovoid;bell;ellliptical;elongated;elongated elliptical or elliptical;elongated oval;elongated-oval;ovoid or elliptical;ovoid or elongated elliptical;quadrangular;retangular,,,,planilha:Morphology,revisar,490,,
spiracle_shape,spiracle shape,categorico,,por registro: coluna DevelopmentalStages (Gosner),The shape of the spiracle,"cylindrical;conical;short;medium width;medium to long;long and narrow;long and wide;short and narrow;absent;medium length;long;medium length and medium width;short to medium length;just a slit;short and wide;very long and wide;very long and intermediate wide;wide;Double, ventral, just lateromedial slits partially recovered by a membrane;conical or cylindrical;intermediate length and width;long and very wide;long and width;medium length and medium to wide width;medium length and narrow width [+4 outros]",,,,planilha:Morphology,revisar,490,,
spiracle_opening_position,spiracle opening position,categorico,,por registro: coluna DevelopmentalStages (Gosner),The opening position of the spiracle,medial third of the body;posterior third of the body;middle third of body;posterior third of body;between middle and posterior thirds of body;absent;end of the medial third of the body;middle third of the body;medial third of body;end of the middle third of the body;middle third;opening near the opening of the cloacal opening;between the end of the medial third e beginning of the posterior third of the body;next to the cloacal opening;on the same plane as the anal tube;opening near the opening of the anal canal;ventral;anterior third fo the body;beginning of posterior third of body;beginning of the posterior third of the body;between middle and posterior third;between the end of the medial third and pósterior third of the body;between the end of the medial third and posterior third of the body;between the end of the middle third and the posterior third of the body;end of middle third of body [+26 outros],,,,planilha:Morphology,revisar,489,,
ventral_fin_shape,ventral fin shape,categorico,,por registro: coluna DevelopmentalStages (Gosner),The shape of the ventral fin,"wide arc;paralell to longitudinal axis;slightly convex;convex;parallel to longitudinal axis;arc;slightly arched;parallel to longitudinal axis to the caudal musculature;parallel to longitudinal axis to longitudinal axis of tail;parallel to longitudinal axis to caudal musculature;parallel to longitudinal axis to longitudinal axis, forming an adherent groove;slightlyconvex;broad arc extending to the posterior third of the tail, where a steep slope begins;paralell to lingitudinal axis;paralell to longitdinal axis;paralell to longitduinal axis;paralell to longitudinal axis and after wide arc;parallel to longitudinal axis to longitudinal axis;parallel to the longitudinal axis of the tail as far as the beginning of the posterior third of the tail;slightly arc;slighty arc;triangular;wide acrh",,,,planilha:Morphology,revisar,489,,
tail_tip_shape,tail tip shape,categorico,,por registro: coluna DevelopmentalStages (Gosner),The shape of the tail tip,tapered;rounded;flagellum;acute;pointed;narrow rounded;wide rounded;medial;broad rounded;obtuse;nearly rounded;wide and tapered,,,,planilha:Morphology,revisar,475,,
nares_projection on marginal rim,nares projection on marginal rim,categorico,,por registro: coluna DevelopmentalStages (Gosner),"The presence, absence, type or shape of projection on marginal rim of the nares",absent;small;present;large;large rounded or triangular;dorsal;great;large triangular;absent or small;dorsolateral;greater processes;large irregular;large trapezoidal or triangular;present and great;rounded or triangular;small or great;very small,,,,planilha:Morphology,revisar,469,,
marginal_papillae_shape,marginal papillae shape,categorico,,por registro: coluna DevelopmentalStages (Gosner),The shape of the marginal papillae,conical;triangular;absent;elongated;rounded;elongated conical;conical or rounded;conical and large;conical and elongated;elongated conical laterally and rounded posteriorly;elongated lateral and short ventral;short and wide;conical and great;conical and longer posteriorly;conical and pointed;conical and small;conical and the end tapered;conical elongated;conical or triangular;conical pointed;cylindrical;elongate conical;elongated lateral and short ventrally;finger-like;long and conical [+11 outros],,,,planilha:Morphology,revisar,437,,
snout_shape_dv,snout shape dv,categorico,,por registro: coluna DevelopmentalStages (Gosner),The snout shape in dorsal view,rounded;oval;truncated;pointed;semicircular;truncatedd,,,,planilha:Morphology,revisar,96,,
